{"cameraMode":{"drawMode":0,"name":"Shaded","section":"Shading Mode"},"sceneLighting":true,"audioPlay":false,"sceneViewState":{"showFog":true,"showMaterialUpdate":true,"showSkybox":true,"showFlares":true,"showImageEffects":true,"showParticleSystems":true},"in2DMode":false,"pivot":{"x":1.0086565017700196,"y":3.8751511573791506,"z":-1.478280782699585},"rotation":{"x":0.5314181447029114,"y":-0.06087886542081833,"z":0.038326311856508258,"w":0.8440607786178589},"size":0.5660253763198853,"orthographic":false}